language,id,text,file,node,lineNumber,lock,comment
nl,line:0278c08,Player: Hello,C:\Users\edewa\Desktop\CMGT\Narrative design\InteractiveStorytelling2526\Assets\Dialogue\MyStoryScript.yarn,NPC,15,6443b3bd,
nl,line:0b447a5,"NPC: Hello, this is a sample showing off the localization",C:\Users\edewa\Desktop\CMGT\Narrative design\InteractiveStorytelling2526\Assets\Dialogue\MyStoryScript.yarn,NPC,17,6d62efd6,Line metadata: lastline
nl,line:0909db8,Neat,C:\Users\edewa\Desktop\CMGT\Narrative design\InteractiveStorytelling2526\Assets\Dialogue\MyStoryScript.yarn,NPC,18,4fdc1c84,
nl,line:0c80885,"Player: great idea, I like it!",C:\Users\edewa\Desktop\CMGT\Narrative design\InteractiveStorytelling2526\Assets\Dialogue\MyStoryScript.yarn,NPC,19,0aea84bf,
nl,line:0eadbfb,NPC: right?,C:\Users\edewa\Desktop\CMGT\Narrative design\InteractiveStorytelling2526\Assets\Dialogue\MyStoryScript.yarn,NPC,21,67d2c3e8,
nl,line:003c677,Dull,C:\Users\edewa\Desktop\CMGT\Narrative design\InteractiveStorytelling2526\Assets\Dialogue\MyStoryScript.yarn,NPC,22,8e6f6598,
nl,line:0ea3fe2,Player: kinda dull and boring to be honest,C:\Users\edewa\Desktop\CMGT\Narrative design\InteractiveStorytelling2526\Assets\Dialogue\MyStoryScript.yarn,NPC,23,f5f482ae,
nl,line:0c6804e,NPC: rude!,C:\Users\edewa\Desktop\CMGT\Narrative design\InteractiveStorytelling2526\Assets\Dialogue\MyStoryScript.yarn,NPC,25,71b54ea8,
nl,line:02f2c0e,Heks: Je was me niet vergeten of wel soms?,C:\Users\edewa\Desktop\CMGT\Narrative design\InteractiveStorytelling2526\Assets\Dialogue\MyStoryScript.yarn,Beginning,32,ba996043,
nl,line:069a901,"Heks: Heb je mijn hulp nodig om je te helpen herrineren dat dit niet een normale wandeling door je koningkrijk is
",C:\Users\edewa\Desktop\CMGT\Narrative design\InteractiveStorytelling2526\Assets\Dialogue\MyStoryScript.yarn,Beginning,33,5fbd0d43,
nl,line:08c413f,Heks: ik raad je aan je acties goed te overwegen,C:\Users\edewa\Desktop\CMGT\Narrative design\InteractiveStorytelling2526\Assets\Dialogue\MyStoryScript.yarn,Beginning,34,629a642f,
nl,line:004bbae,"Heks: kom aan, ik heb mijn oog op je
",C:\Users\edewa\Desktop\CMGT\Narrative design\InteractiveStorytelling2526\Assets\Dialogue\MyStoryScript.yarn,Beginning,35,65861601,
nl,line:0403adc,"Baker: ""Where do you think you're going with that bread? You have to pay for that!""",C:\Users\edewa\Desktop\CMGT\Narrative design\InteractiveStorytelling2526\Assets\Dialogue\MyStoryScript.yarn,RegularStreet,40,daf8390d,
nl,line:0c1b9b7,"Woman: ""Please sir, me and my children, we are starving. I can't afford anything, my husband died fighting for this kingdom.""",C:\Users\edewa\Desktop\CMGT\Narrative design\InteractiveStorytelling2526\Assets\Dialogue\MyStoryScript.yarn,RegularStreet,41,0d49d8ea,
nl,line:0931e63,"Baker: ""Look lady i understand your situation, but were all struggeling to make ends meet here so you can't just go around stealing things""",C:\Users\edewa\Desktop\CMGT\Narrative design\InteractiveStorytelling2526\Assets\Dialogue\MyStoryScript.yarn,RegularStreet,42,c17fdf6d,
nl,line:08dbf4a,"Woman: ""Please, i am willing to do anything, just let me get this bread to my children""",C:\Users\edewa\Desktop\CMGT\Narrative design\InteractiveStorytelling2526\Assets\Dialogue\MyStoryScript.yarn,RegularStreet,43,df212a86,
nl,line:0cd0985,"Baker: ""Lady...""",C:\Users\edewa\Desktop\CMGT\Narrative design\InteractiveStorytelling2526\Assets\Dialogue\MyStoryScript.yarn,RegularStreet,44,60dff964,
nl,line:0318a5a,"Witch: ""So this is how you treat your subjects? This widow is starving and desperate. My sweet regent, aren't you going to intervene?""",C:\Users\edewa\Desktop\CMGT\Narrative design\InteractiveStorytelling2526\Assets\Dialogue\MyStoryScript.yarn,RegularStreet,46,36201b81,
nl,line:0201b91,"Baker: ""Ah hello my regent, why do you grace us with your presence today""",C:\Users\edewa\Desktop\CMGT\Narrative design\InteractiveStorytelling2526\Assets\Dialogue\MyStoryScript.yarn,intervene,51,fae09499,
nl,line:0f4a05d,"Regent: ""I overheared your commotion and decided to check it out""",C:\Users\edewa\Desktop\CMGT\Narrative design\InteractiveStorytelling2526\Assets\Dialogue\MyStoryScript.yarn,intervene,52,d54b22af,
nl,line:056d6f7,"Woman: ""My regent... there's no reason for you to intervene with such a small issue. The baker and I have this sorted.?""",C:\Users\edewa\Desktop\CMGT\Narrative design\InteractiveStorytelling2526\Assets\Dialogue\MyStoryScript.yarn,intervene,53,fc88103c,Line metadata: lastline
nl,line:02e93db,Don't Worry I understand,C:\Users\edewa\Desktop\CMGT\Narrative design\InteractiveStorytelling2526\Assets\Dialogue\MyStoryScript.yarn,intervene,54,a7498281,
nl,line:07f412a,"Regent: ""Don't worry, i understand. Here is some money so that you can pay this kind baker over here. It should be enough to get you back up your feet and find a job so that you can support your kids""",C:\Users\edewa\Desktop\CMGT\Narrative design\InteractiveStorytelling2526\Assets\Dialogue\MyStoryScript.yarn,intervene,55,829aaa8a,
nl,line:048d43a,"Woman: ""My regent. i can't-""",C:\Users\edewa\Desktop\CMGT\Narrative design\InteractiveStorytelling2526\Assets\Dialogue\MyStoryScript.yarn,intervene,56,42f94417,
nl,line:0c76af8,"Regent: ""You can, and you will. You are my subject and are a widow because of my wars. I am sorry for what happened to your husband, take this money, its the least i could do. """,C:\Users\edewa\Desktop\CMGT\Narrative design\InteractiveStorytelling2526\Assets\Dialogue\MyStoryScript.yarn,intervene,57,96eb1977,
nl,line:0c97511,"Woman: ""My regent, thank you, thank you so much""",C:\Users\edewa\Desktop\CMGT\Narrative design\InteractiveStorytelling2526\Assets\Dialogue\MyStoryScript.yarn,intervene,58,46db9fbd,
nl,line:0a738a9,Silence,C:\Users\edewa\Desktop\CMGT\Narrative design\InteractiveStorytelling2526\Assets\Dialogue\MyStoryScript.yarn,intervene,61,6c61fe49,
nl,line:0bbe37d,"Regent: ""Silence, I saw what happened, if you really were starving you would be spending your time finding a job instead of stealing from others""",C:\Users\edewa\Desktop\CMGT\Narrative design\InteractiveStorytelling2526\Assets\Dialogue\MyStoryScript.yarn,intervene,62,030707d5,
nl,line:0380354,"Woman: ""You're right my regent, my apologies. It's just that-""",C:\Users\edewa\Desktop\CMGT\Narrative design\InteractiveStorytelling2526\Assets\Dialogue\MyStoryScript.yarn,intervene,63,738fe9d4,
nl,line:01dabb3,"Regent: ""I heared your excuses, you should be lucky i don't throw you into jail with that mentality, now go ahead and apologise to the baker and leave. """,C:\Users\edewa\Desktop\CMGT\Narrative design\InteractiveStorytelling2526\Assets\Dialogue\MyStoryScript.yarn,intervene,64,794b1172,
nl,line:0d2d7be,"Baker: ""My regent was that really necessary? She is starving and doesn't know what to do""",C:\Users\edewa\Desktop\CMGT\Narrative design\InteractiveStorytelling2526\Assets\Dialogue\MyStoryScript.yarn,intervene,65,ce427888,
nl,line:0ed923f,"Regent: ""So you would want me to condone stealing instead?""",C:\Users\edewa\Desktop\CMGT\Narrative design\InteractiveStorytelling2526\Assets\Dialogue\MyStoryScript.yarn,intervene,66,b19b7a88,
nl,line:0b63e88,"Baker: ""Well no ofcourse not, my apologies my regent.""",C:\Users\edewa\Desktop\CMGT\Narrative design\InteractiveStorytelling2526\Assets\Dialogue\MyStoryScript.yarn,intervene,67,"8,83E+75",
nl,line:0254142,"Woman: ""My son haven't I told you not to go there? It's dangerous, you could get killed""",C:\Users\edewa\Desktop\CMGT\Narrative design\InteractiveStorytelling2526\Assets\Dialogue\MyStoryScript.yarn,FightingClub,73,0dba07cf,
nl,line:0b5317a,"Son: ""Mother you know we have to, the taxes are too high and we can't afford food anymore.",C:\Users\edewa\Desktop\CMGT\Narrative design\InteractiveStorytelling2526\Assets\Dialogue\MyStoryScript.yarn,FightingClub,74,668ad06e,
nl,line:0247a6f,"Son: I can't have my siblings become beggars. """,C:\Users\edewa\Desktop\CMGT\Narrative design\InteractiveStorytelling2526\Assets\Dialogue\MyStoryScript.yarn,FightingClub,75,9369b179,
nl,line:0a4a4e7,"Witch: ""My my, my sweet regent. This one has a lot of potential.",C:\Users\edewa\Desktop\CMGT\Narrative design\InteractiveStorytelling2526\Assets\Dialogue\MyStoryScript.yarn,FightingClub,76,2e17a431,
nl,line:07adaa0,"Witch: I can basically see the mana radiating off of him... interesting""",C:\Users\edewa\Desktop\CMGT\Narrative design\InteractiveStorytelling2526\Assets\Dialogue\MyStoryScript.yarn,FightingClub,77,d89c2a15,Line metadata: lastline
nl,line:0d6063f,"""What caused these scars young one?""""",C:\Users\edewa\Desktop\CMGT\Narrative design\InteractiveStorytelling2526\Assets\Dialogue\MyStoryScript.yarn,FightingClub,78,9a5eeb75,
nl,line:0c22e8f,"Woman: ""Hello my regent, thank you again for helping me.",C:\Users\edewa\Desktop\CMGT\Narrative design\InteractiveStorytelling2526\Assets\Dialogue\MyStoryScript.yarn,FightingClub,80,33974bee,
nl,line:0e95d8f,"Woman: My son wanted to help get food and went to the fightclub nearby to get money""",C:\Users\edewa\Desktop\CMGT\Narrative design\InteractiveStorytelling2526\Assets\Dialogue\MyStoryScript.yarn,FightingClub,81,8e5ec8e8,
nl,line:07a7489,"Son: ""Mother no, also what are you talking about?""",C:\Users\edewa\Desktop\CMGT\Narrative design\InteractiveStorytelling2526\Assets\Dialogue\MyStoryScript.yarn,FightingClub,82,eabe677c,
nl,line:04202cb,"Woman: ""Our regent gave us some money to get back up on our feet. You dont have to fight anymore""",C:\Users\edewa\Desktop\CMGT\Narrative design\InteractiveStorytelling2526\Assets\Dialogue\MyStoryScript.yarn,FightingClub,83,d51a11c9,
nl,line:0fe0d67,"Son: ""Mother, just because we now have money doesn't mean that you can just talk about the fightclub in front of the regent.",C:\Users\edewa\Desktop\CMGT\Narrative design\InteractiveStorytelling2526\Assets\Dialogue\MyStoryScript.yarn,FightingClub,84,2e0cf19d,
nl,line:0bd3231,"son: Those people still need their money. The club is illigal, what if they get caught""",C:\Users\edewa\Desktop\CMGT\Narrative design\InteractiveStorytelling2526\Assets\Dialogue\MyStoryScript.yarn,FightingClub,85,19aff8b3,
nl,line:0168d7f,"Woman: ""The regent just saw me steal a piece of bread and gave me money, they are kind and fogiving. There is no need to fear them.""",C:\Users\edewa\Desktop\CMGT\Narrative design\InteractiveStorytelling2526\Assets\Dialogue\MyStoryScript.yarn,FightingClub,86,7f93ac05,
nl,line:0d11202,"Woman: ""My regent, there is no reason for you to worry about such small things""",C:\Users\edewa\Desktop\CMGT\Narrative design\InteractiveStorytelling2526\Assets\Dialogue\MyStoryScript.yarn,FightingClub,88,fed95293,
nl,line:08b054d,"Regent: ""I will worry about what i choose to worry about, now explain the scars.""",C:\Users\edewa\Desktop\CMGT\Narrative design\InteractiveStorytelling2526\Assets\Dialogue\MyStoryScript.yarn,FightingClub,89,18807fbd,
nl,line:05d5c51,"Woman: ""You see my regent, my son he goes to this club-""",C:\Users\edewa\Desktop\CMGT\Narrative design\InteractiveStorytelling2526\Assets\Dialogue\MyStoryScript.yarn,FightingClub,90,babd3a91,
nl,line:015004f,"Son: ""Mother don't, you know about the origins of the club""",C:\Users\edewa\Desktop\CMGT\Narrative design\InteractiveStorytelling2526\Assets\Dialogue\MyStoryScript.yarn,FightingClub,91,bcf35c4b,
nl,line:0211f50,"Woman: ""So you want me to lie to our regent their face?""",C:\Users\edewa\Desktop\CMGT\Narrative design\InteractiveStorytelling2526\Assets\Dialogue\MyStoryScript.yarn,FightingClub,92,940d2694,
nl,line:0561f0c,"Regent: ""I suggest you be honest with me""",C:\Users\edewa\Desktop\CMGT\Narrative design\InteractiveStorytelling2526\Assets\Dialogue\MyStoryScript.yarn,FightingClub,93,460c111a,
nl,line:0f918b1,"Woman: ""My son has participated in a fighting club. We needed money to keep the house and my son thought this was a good idea to get money quickly. """,C:\Users\edewa\Desktop\CMGT\Narrative design\InteractiveStorytelling2526\Assets\Dialogue\MyStoryScript.yarn,FightingClub,94,b537e9cc,
nl,line:0c4f0d8,"Regent: ""What caused these scars young one?""",C:\Users\edewa\Desktop\CMGT\Narrative design\InteractiveStorytelling2526\Assets\Dialogue\MyStoryScript.yarn,FightingClub,96,a72a87b3,
nl,line:06a9ef0,"Woman: ""My regent, I do not wish to lie to you. My son, he has been forced to fight in this fighting club to get money.""",C:\Users\edewa\Desktop\CMGT\Narrative design\InteractiveStorytelling2526\Assets\Dialogue\MyStoryScript.yarn,FightingClub,97,8d31582c,
nl,line:0e3de27,"Woman: ""He knows this is illigal and I have told him many times not to go, yet he didn't see another option""",C:\Users\edewa\Desktop\CMGT\Narrative design\InteractiveStorytelling2526\Assets\Dialogue\MyStoryScript.yarn,FightingClub,98,f6aaddf3,
nl,line:0bc1ec7,"Woman: ""My regent please deal with this matter with mercy, these people don't have another choice""",C:\Users\edewa\Desktop\CMGT\Narrative design\InteractiveStorytelling2526\Assets\Dialogue\MyStoryScript.yarn,FightingClub,99,157b666c,Line metadata: lastline
nl,line:04c2dfb,"""Show me wher this fightclub is""",C:\Users\edewa\Desktop\CMGT\Narrative design\InteractiveStorytelling2526\Assets\Dialogue\MyStoryScript.yarn,FightingClub,100,f95c480e,
nl,line:0b685ff,This will be the end for now,C:\Users\edewa\Desktop\CMGT\Narrative design\InteractiveStorytelling2526\Assets\Dialogue\MyStoryScript.yarn,FightingClub,101,901da99a,
nl,line:0de908b,"""Something like this doesn't come without consequences""",C:\Users\edewa\Desktop\CMGT\Narrative design\InteractiveStorytelling2526\Assets\Dialogue\MyStoryScript.yarn,FightingClub,102,149d52c2,
nl,line:0e21d55,"Regent: ""Something like this is not without consequences my boy, guards take him away""",C:\Users\edewa\Desktop\CMGT\Narrative design\InteractiveStorytelling2526\Assets\Dialogue\MyStoryScript.yarn,FightingClub,103,e1966272,
nl,line:0b1ee21,"Woman: ""Wait wait, please. my son he had to, please my regent... grant my son mercy""",C:\Users\edewa\Desktop\CMGT\Narrative design\InteractiveStorytelling2526\Assets\Dialogue\MyStoryScript.yarn,FightingClub,104,aaf34bf9,
nl,line:0a82185,"Witch: ""My regent, are you sure? this young man, his mana is one of a kind, the potential you'll lose with this decision...""",C:\Users\edewa\Desktop\CMGT\Narrative design\InteractiveStorytelling2526\Assets\Dialogue\MyStoryScript.yarn,FightingClub,105,56e54dc6,
nl,line:011805b,"Woman: ""My regent, i know you're kind... I have seen it before, please grant my son the mercy did once grant me""",C:\Users\edewa\Desktop\CMGT\Narrative design\InteractiveStorytelling2526\Assets\Dialogue\MyStoryScript.yarn,FightingClub,107,e9c9f939,
nl,line:096d143,Be merciful,C:\Users\edewa\Desktop\CMGT\Narrative design\InteractiveStorytelling2526\Assets\Dialogue\MyStoryScript.yarn,FightingClub,109,0ae86720,
nl,line:09eaeff,"Regent: ""Fine, but this will not go unnoticed. You will carry out your scentence another way""",C:\Users\edewa\Desktop\CMGT\Narrative design\InteractiveStorytelling2526\Assets\Dialogue\MyStoryScript.yarn,FightingClub,110,800b17ea,
nl,line:04e7d25,"Regent: ""I noticed that you have great potential to be a mage.  I want you to be a mage of my court. Some of the best mages in this kingdom will teach you everything. In exchange, you are under my control you will not have it easy, but you will be great.",C:\Users\edewa\Desktop\CMGT\Narrative design\InteractiveStorytelling2526\Assets\Dialogue\MyStoryScript.yarn,FightingClub,111,c1a35dbf,
nl,line:01af99a,"Boy: ""Really? Thank you so much my regent, I will work hard I promise!""",C:\Users\edewa\Desktop\CMGT\Narrative design\InteractiveStorytelling2526\Assets\Dialogue\MyStoryScript.yarn,FightingClub,112,570f920a,
nl,line:00c883c,This will be the end for now,C:\Users\edewa\Desktop\CMGT\Narrative design\InteractiveStorytelling2526\Assets\Dialogue\MyStoryScript.yarn,FightingClub,113,901da99a,
nl,line:06ea3f3,Be merciless,C:\Users\edewa\Desktop\CMGT\Narrative design\InteractiveStorytelling2526\Assets\Dialogue\MyStoryScript.yarn,FightingClub,114,7c2bbd14,
nl,line:0e91a62,"Regent: ""I do not care about your explenations. What are you standing there for? GUARDS arrest this young man!""",C:\Users\edewa\Desktop\CMGT\Narrative design\InteractiveStorytelling2526\Assets\Dialogue\MyStoryScript.yarn,FightingClub,115,e2a9e484,
nl,line:0522ee5,"Woman: ""My regent, why... Why would you do this, my son...""",C:\Users\edewa\Desktop\CMGT\Narrative design\InteractiveStorytelling2526\Assets\Dialogue\MyStoryScript.yarn,FightingClub,117,bc930ac5,
nl,line:05b841a,"Woman: ""I  thought you were forgiving, i thought you were kind""",C:\Users\edewa\Desktop\CMGT\Narrative design\InteractiveStorytelling2526\Assets\Dialogue\MyStoryScript.yarn,FightingClub,118,9ff2464e,
nl,line:05ded02,"Witch: ""My sweet regent, this is not only a waste of potential, but also cruel to the mother and good meaning son. """,C:\Users\edewa\Desktop\CMGT\Narrative design\InteractiveStorytelling2526\Assets\Dialogue\MyStoryScript.yarn,FightingClub,119,cfc70752,
nl,line:00b42cd,"Witch: ""My sweet regent, the potential that you just lost will not go unnoticed, this man could have been a great asset to you and your kingdom.""",C:\Users\edewa\Desktop\CMGT\Narrative design\InteractiveStorytelling2526\Assets\Dialogue\MyStoryScript.yarn,FightingClub,121,62ffc8ec,
nl,line:0dc626e,"Witch: ""Not only did you fail this young man, you also failed the city. Or did you forget what started all of this?""",C:\Users\edewa\Desktop\CMGT\Narrative design\InteractiveStorytelling2526\Assets\Dialogue\MyStoryScript.yarn,FightingClub,123,ad7a47a2,
nl,line:0ec910f,"Witch: ""My my,my sweet regent, did you really think that I would let this go. This kid has so much potential, it would be a shame to throw him into jail.""",C:\Users\edewa\Desktop\CMGT\Narrative design\InteractiveStorytelling2526\Assets\Dialogue\MyStoryScript.yarn,FightingClub,124,c4580c1c,
nl,line:08133c2,"Witch: ""At last we meet, I am saddened to say that this isn't under the circumstances that I hoped to see you, but I had to step in this time.",C:\Users\edewa\Desktop\CMGT\Narrative design\InteractiveStorytelling2526\Assets\Dialogue\MyStoryScript.yarn,FightingClub,126,e67a2ea3,
nl,line:08ba209,"Witch: This kid is special, and I, unlike you, will make sure this power doesn't end up in the wrong hands. """,C:\Users\edewa\Desktop\CMGT\Narrative design\InteractiveStorytelling2526\Assets\Dialogue\MyStoryScript.yarn,FightingClub,127,f5fcd62f,
nl,line:0b0dd79,"Witch: ""Sadly for you, you made the wrong choices, if only you would have been a better person... We could have worked for you.""",C:\Users\edewa\Desktop\CMGT\Narrative design\InteractiveStorytelling2526\Assets\Dialogue\MyStoryScript.yarn,FightingClub,128,1c87cc12,
nl,line:0f8630e,"Witch: ""Consider your kingdom ours now, since you're clearly not... fit to rule""",C:\Users\edewa\Desktop\CMGT\Narrative design\InteractiveStorytelling2526\Assets\Dialogue\MyStoryScript.yarn,FightingClub,129,7d146fc8,
nl,line:01c335c,>,C:\Users\edewa\Desktop\CMGT\Narrative design\InteractiveStorytelling2526\Assets\Dialogue\MyStoryScript.yarn,FightingClub,130,62b67e1f,
nl,line:05e872c,Listen in more,C:\Users\edewa\Desktop\CMGT\Narrative design\InteractiveStorytelling2526\Assets\Dialogue\MyStoryScript.yarn,FightingClub,131,4b22281d,
nl,line:0230305,"Woman: ""I know sweetling but the regent just gave me money. It should be enough to get on our feet""",C:\Users\edewa\Desktop\CMGT\Narrative design\InteractiveStorytelling2526\Assets\Dialogue\MyStoryScript.yarn,FightingClub,133,6e66dcd6,
nl,line:0fc8c63,"Son: ""Really? So I don't have to fight anymore? I can finally try to become someones apprentice to become a mage?""",C:\Users\edewa\Desktop\CMGT\Narrative design\InteractiveStorytelling2526\Assets\Dialogue\MyStoryScript.yarn,FightingClub,134,c5a18391,
nl,line:07cb8b2,"Woman: ""Yes sweetling, the queen saved us. Now please don't step foot into that fight club ever again""",C:\Users\edewa\Desktop\CMGT\Narrative design\InteractiveStorytelling2526\Assets\Dialogue\MyStoryScript.yarn,FightingClub,135,03049b81,
nl,line:0f4798e,"Son: ""mother, father has passed, you already gather herbs outside the kingdom walls. There's no other quick option""",C:\Users\edewa\Desktop\CMGT\Narrative design\InteractiveStorytelling2526\Assets\Dialogue\MyStoryScript.yarn,FightingClub,137,f6400227,
nl,line:0f14db0,"Woman: ""I can use my skills to make ends meet while you look for a mage to take you in as an apprentice, don't give up on your dream to support us""",C:\Users\edewa\Desktop\CMGT\Narrative design\InteractiveStorytelling2526\Assets\Dialogue\MyStoryScript.yarn,FightingClub,138,484dff76,
nl,line:0baa251,"Son: ""Mother i already am looking for those, but for now theres no other way. I have to fight at the club""",C:\Users\edewa\Desktop\CMGT\Narrative design\InteractiveStorytelling2526\Assets\Dialogue\MyStoryScript.yarn,FightingClub,139,e259d70e,
nl,line:0d15352,"""A fightclub you say?""",C:\Users\edewa\Desktop\CMGT\Narrative design\InteractiveStorytelling2526\Assets\Dialogue\MyStoryScript.yarn,FightingClub,141,e35bd55b,
nl,line:0685ba8,"Regent: ""I don't remember having a fightclub in my kingdom""",C:\Users\edewa\Desktop\CMGT\Narrative design\InteractiveStorytelling2526\Assets\Dialogue\MyStoryScript.yarn,FightingClub,142,1aa226aa,
nl,line:05876ec,"Woman: ""my sweet regent, I know youre kind and forgiving, these people need the money but this isn't safe. Please you need to do something about this.",C:\Users\edewa\Desktop\CMGT\Narrative design\InteractiveStorytelling2526\Assets\Dialogue\MyStoryScript.yarn,FightingClub,144,d8c0ced5,
nl,line:0c454a0,"""Do not worry""",C:\Users\edewa\Desktop\CMGT\Narrative design\InteractiveStorytelling2526\Assets\Dialogue\MyStoryScript.yarn,FightingClub,146,19b016e5,
nl,line:0f775b4,"Regent: ""Do not worry dear i won't arrest them. Take me to this fightclub and we'll see the appropriate way to deal with all of them""",C:\Users\edewa\Desktop\CMGT\Narrative design\InteractiveStorytelling2526\Assets\Dialogue\MyStoryScript.yarn,FightingClub,147,f84318c4,
nl,line:0e0113a,"Son: ""Mother i fear for the people, what if the regent goes against what they said?""",C:\Users\edewa\Desktop\CMGT\Narrative design\InteractiveStorytelling2526\Assets\Dialogue\MyStoryScript.yarn,FightingClub,149,ffc50f13,
nl,line:0376f6d,"Woman: ""Have faith in our regent sweetling, I believe they will rule with fairness and kindness""",C:\Users\edewa\Desktop\CMGT\Narrative design\InteractiveStorytelling2526\Assets\Dialogue\MyStoryScript.yarn,FightingClub,150,957f518e,
nl,line:0d25303,This will be the end for now,C:\Users\edewa\Desktop\CMGT\Narrative design\InteractiveStorytelling2526\Assets\Dialogue\MyStoryScript.yarn,FightingClub,152,901da99a,
nl,line:0308270,"""Show me where this fightclub is""",C:\Users\edewa\Desktop\CMGT\Narrative design\InteractiveStorytelling2526\Assets\Dialogue\MyStoryScript.yarn,FightingClub,153,d1638e09,
nl,line:0673c24,This will be the end for now,C:\Users\edewa\Desktop\CMGT\Narrative design\InteractiveStorytelling2526\Assets\Dialogue\MyStoryScript.yarn,FightingClub,154,901da99a,
nl,line:01e8332,Ignore it,C:\Users\edewa\Desktop\CMGT\Narrative design\InteractiveStorytelling2526\Assets\Dialogue\MyStoryScript.yarn,FightingClub,155,86adcc15,
nl,line:0c8105a,"Witch: ""Oh sweet regent, you will regret this, ingoring your Kingdoms problems is no way to rule""",C:\Users\edewa\Desktop\CMGT\Narrative design\InteractiveStorytelling2526\Assets\Dialogue\MyStoryScript.yarn,FightingClub,156,fef28284,
nl,line:0b61868,Ignore it,C:\Users\edewa\Desktop\CMGT\Narrative design\InteractiveStorytelling2526\Assets\Dialogue\MyStoryScript.yarn,FightingClub,157,86adcc15,
nl,line:07e7d10,"Witch: ""Oh sweet regent, you will regret this, ingoring your Kingdoms problems is no way to rule""",C:\Users\edewa\Desktop\CMGT\Narrative design\InteractiveStorytelling2526\Assets\Dialogue\MyStoryScript.yarn,FightingClub,158,fef28284,
nl,line:0eeb85d,"Regent: ""What is going on here""",C:\Users\edewa\Desktop\CMGT\Narrative design\InteractiveStorytelling2526\Assets\Dialogue\MyStoryScript.yarn,heroesParty,163,9e75252e,
nl,line:02be5ec,"Smith: ""My regent-""",C:\Users\edewa\Desktop\CMGT\Narrative design\InteractiveStorytelling2526\Assets\Dialogue\MyStoryScript.yarn,heroesParty,164,22d9a48b,
nl,line:0cef06b,"Party leader: ""So you're the noble regent of this city, let me introduce myself.""",C:\Users\edewa\Desktop\CMGT\Narrative design\InteractiveStorytelling2526\Assets\Dialogue\MyStoryScript.yarn,heroesParty,165,b121b2c7,
nl,line:0fa9af1,"Epheulia: ""My name is Epheulia and I am the leader of this party.""",C:\Users\edewa\Desktop\CMGT\Narrative design\InteractiveStorytelling2526\Assets\Dialogue\MyStoryScript.yarn,heroesParty,166,e8127007,
nl,line:09b2baf,"Epheulia: ""You see the smith over here he... owes us something and doesn't want to pay it back.""",C:\Users\edewa\Desktop\CMGT\Narrative design\InteractiveStorytelling2526\Assets\Dialogue\MyStoryScript.yarn,heroesParty,167,91bf5fe1,
nl,line:0b9ae0a,"Smith: ""My regent, this isn't true. They are trying to use their fame to get my finest sword for free.""",C:\Users\edewa\Desktop\CMGT\Narrative design\InteractiveStorytelling2526\Assets\Dialogue\MyStoryScript.yarn,heroesParty,168,bb1f138c,
nl,line:08e3c82,"Witch: ""My my, my sweet regent, this would be the perfect time to introduce these heroes here to your kingdom.",C:\Users\edewa\Desktop\CMGT\Narrative design\InteractiveStorytelling2526\Assets\Dialogue\MyStoryScript.yarn,heroesParty,169,886b068c,
nl,line:0f74d18,"Witch: I bet these people could be very useful... if you play your cards right """,C:\Users\edewa\Desktop\CMGT\Narrative design\InteractiveStorytelling2526\Assets\Dialogue\MyStoryScript.yarn,heroesParty,170,61bd74e9,Line metadata: lastline
nl,line:03aeb04,"""I'll give you the reward, but-""",C:\Users\edewa\Desktop\CMGT\Narrative design\InteractiveStorytelling2526\Assets\Dialogue\MyStoryScript.yarn,heroesParty,171,38019759,
nl,line:0c08bf2,"Regent: ""Thank you fine heroes for saving my kingdom and slaying the dragon nearby, I will reward you for this heroic deed.""",C:\Users\edewa\Desktop\CMGT\Narrative design\InteractiveStorytelling2526\Assets\Dialogue\MyStoryScript.yarn,heroesParty,172,f00c514c,
nl,line:005a886,"Regent: ""Though i do ask you not to make trouble for my subjects again. Take this money and pay the Smith, keep the rest as a reward.""",C:\Users\edewa\Desktop\CMGT\Narrative design\InteractiveStorytelling2526\Assets\Dialogue\MyStoryScript.yarn,heroesParty,173,d5231b1d,
nl,line:0e62d7d,"Smith: ""Thank you my regent""",C:\Users\edewa\Desktop\CMGT\Narrative design\InteractiveStorytelling2526\Assets\Dialogue\MyStoryScript.yarn,heroesParty,174,0e347df8,
nl,line:0c5e9f8,"""This is NOT how we handle things""",C:\Users\edewa\Desktop\CMGT\Narrative design\InteractiveStorytelling2526\Assets\Dialogue\MyStoryScript.yarn,heroesParty,175,1b8a77d6,
nl,line:05366f5,"Regent: ""This is not how we handle things in this kingdom. I suggest you learn some respect before you anger the wrong person.",C:\Users\edewa\Desktop\CMGT\Narrative design\InteractiveStorytelling2526\Assets\Dialogue\MyStoryScript.yarn,heroesParty,176,a9d703c6,
nl,line:0851e80,"Regent: Now about the reward you were supposed to get.. Half of that will go to the Smith you just threathened, take this as a lesson and continue on your way.""",C:\Users\edewa\Desktop\CMGT\Narrative design\InteractiveStorytelling2526\Assets\Dialogue\MyStoryScript.yarn,heroesParty,177,e92f8966,
nl,line:014f3f7,"Epheulia: ""Thank you for this... lesson. It will be of great use to us in the nearby future""",C:\Users\edewa\Desktop\CMGT\Narrative design\InteractiveStorytelling2526\Assets\Dialogue\MyStoryScript.yarn,heroesParty,178,7caf3268,
nl,line:01a1890,"Party member: ""But Epheulia they just-""",C:\Users\edewa\Desktop\CMGT\Narrative design\InteractiveStorytelling2526\Assets\Dialogue\MyStoryScript.yarn,heroesParty,179,6acb4126,
nl,line:0aa3570,"Epheulia: ""Quiet, the regent has spoken, let us be on our way then.""",C:\Users\edewa\Desktop\CMGT\Narrative design\InteractiveStorytelling2526\Assets\Dialogue\MyStoryScript.yarn,heroesParty,180,9be8085e,
nl,line:05d2f75,Ignore it,C:\Users\edewa\Desktop\CMGT\Narrative design\InteractiveStorytelling2526\Assets\Dialogue\MyStoryScript.yarn,heroesParty,181,86adcc15,
nl,line:0605748,"Regent: ""I will not waste my time on this sorry excuse of a party without manners. Find a solution yourself""",C:\Users\edewa\Desktop\CMGT\Narrative design\InteractiveStorytelling2526\Assets\Dialogue\MyStoryScript.yarn,heroesParty,182,d43a8f0a,
nl,line:03b34ea,"Epheulia: Dear Citizens, we are the group that recently defeated a dragon near this kingdom and saved you all.",C:\Users\edewa\Desktop\CMGT\Narrative design\InteractiveStorytelling2526\Assets\Dialogue\MyStoryScript.yarn,Uprise,188,66ee4a3a,
nl,line:006484b,"Epheulia: Your regent, instead of rewarding us for our hard work, punished us and took away half of our intended reward",C:\Users\edewa\Desktop\CMGT\Narrative design\InteractiveStorytelling2526\Assets\Dialogue\MyStoryScript.yarn,Uprise,190,84fcc7d2,Line metadata: lastline
nl,line:090a376,"""Epheulia didn't I tell you not to cause trouble?""",C:\Users\edewa\Desktop\CMGT\Narrative design\InteractiveStorytelling2526\Assets\Dialogue\MyStoryScript.yarn,Uprise,191,9ca74805,
nl,line:08dda44,"Regent: Epheulia, didn't I tell you just now not to cause trouble?",C:\Users\edewa\Desktop\CMGT\Narrative design\InteractiveStorytelling2526\Assets\Dialogue\MyStoryScript.yarn,Uprise,192,a3c40a22,
nl,line:0640e66,"Regent: ""I thought I was very clear, sadly it seems like you don't understand. In this kingdom my people are first.",C:\Users\edewa\Desktop\CMGT\Narrative design\InteractiveStorytelling2526\Assets\Dialogue\MyStoryScript.yarn,Uprise,193,4c679aee,
nl,line:07ddbc7,"Regent:  ""You tried to steal from the smith. Be glad I still gave you half of your reward after this distastefull behaviour. """,C:\Users\edewa\Desktop\CMGT\Narrative design\InteractiveStorytelling2526\Assets\Dialogue\MyStoryScript.yarn,Uprise,194,366266d5,
nl,line:0d3d360,"Epheulia: ""I will say I am quite dissapointed in you regent, I came here wanting to be your friend...""",C:\Users\edewa\Desktop\CMGT\Narrative design\InteractiveStorytelling2526\Assets\Dialogue\MyStoryScript.yarn,Uprise,195,9f8eadc8,
nl,line:00a0f6b,"Epheulia: ""but all I got was this saddening distrust. I don't even know what i did to deserve this""",C:\Users\edewa\Desktop\CMGT\Narrative design\InteractiveStorytelling2526\Assets\Dialogue\MyStoryScript.yarn,Uprise,196,548b8366,
nl,line:0bc0e9f,"""You know exactly what you did""",C:\Users\edewa\Desktop\CMGT\Narrative design\InteractiveStorytelling2526\Assets\Dialogue\MyStoryScript.yarn,Uprise,198,7b1a1ce6,
nl,line:019f79e,"Regent: ""Oh Epheulia you know exactly what you did to deserve this.""",C:\Users\edewa\Desktop\CMGT\Narrative design\InteractiveStorytelling2526\Assets\Dialogue\MyStoryScript.yarn,Uprise,199,312d45fd,
nl,line:06d1ed7,"Regent: ""Though i would love to play this game with you, I have more important matters to attent to.""",C:\Users\edewa\Desktop\CMGT\Narrative design\InteractiveStorytelling2526\Assets\Dialogue\MyStoryScript.yarn,Uprise,200,dd5c6fe3,
nl,line:0e8cd1e,"Regent: ""My guards here will show you out of my kingdom""",C:\Users\edewa\Desktop\CMGT\Narrative design\InteractiveStorytelling2526\Assets\Dialogue\MyStoryScript.yarn,Uprise,201,291a230b,
nl,line:0424aa5,"Epheulia: ""Thats too bad, I would have loved to play games with you""",C:\Users\edewa\Desktop\CMGT\Narrative design\InteractiveStorytelling2526\Assets\Dialogue\MyStoryScript.yarn,Uprise,202,ed025366,
nl,line:09db64b,"Regent: ""My dear, i am the regent of this kingdom. I don't have any time for your foolish games,""",C:\Users\edewa\Desktop\CMGT\Narrative design\InteractiveStorytelling2526\Assets\Dialogue\MyStoryScript.yarn,Uprise,203,bb556c76,
nl,line:06fcecf,"Regent: ""now please get out of my sight so that I can continue with my business""",C:\Users\edewa\Desktop\CMGT\Narrative design\InteractiveStorytelling2526\Assets\Dialogue\MyStoryScript.yarn,Uprise,204,5256a6d1,
nl,line:0f71d18,"Party member: ""Epheulia tell the regent about- """,C:\Users\edewa\Desktop\CMGT\Narrative design\InteractiveStorytelling2526\Assets\Dialogue\MyStoryScript.yarn,Uprise,205,bfa4c2e2,
nl,line:02d9bf8,"Epheulia: ""That's enough from you, we'll be going now regent, thank you for your hospitility""",C:\Users\edewa\Desktop\CMGT\Narrative design\InteractiveStorytelling2526\Assets\Dialogue\MyStoryScript.yarn,Uprise,206,6ecc9e7f,
nl,line:0821dc0,This will be the end for now,C:\Users\edewa\Desktop\CMGT\Narrative design\InteractiveStorytelling2526\Assets\Dialogue\MyStoryScript.yarn,Uprise,207,901da99a,
nl,line:0594ddf,"""Oh I'm sorry dear, did I misunderstand?""",C:\Users\edewa\Desktop\CMGT\Narrative design\InteractiveStorytelling2526\Assets\Dialogue\MyStoryScript.yarn,Uprise,208,dbdb489a,
nl,line:0379fa6,"Regent: ""Oh I am so sorry my dear, did I merely misunderstand your past interactions? Where you tried to rob one of my subjects?""",C:\Users\edewa\Desktop\CMGT\Narrative design\InteractiveStorytelling2526\Assets\Dialogue\MyStoryScript.yarn,Uprise,209,6d462491,
nl,line:02c65ce,"Regent: ""Or was it just now where you tried to twist the situation against me and this fair smith?""",C:\Users\edewa\Desktop\CMGT\Narrative design\InteractiveStorytelling2526\Assets\Dialogue\MyStoryScript.yarn,Uprise,210,d742ffd9,
nl,line:0da063a,"Regent: ""Do explain to me Epheulia where exactly I misunderstood your intents?""",C:\Users\edewa\Desktop\CMGT\Narrative design\InteractiveStorytelling2526\Assets\Dialogue\MyStoryScript.yarn,Uprise,211,3a77f0eb,
nl,line:02d70a3,"Epheulia: ""My regent, I just wanted to be your friend. I even have some information I am willing to share with you as a token of my friendship.""",C:\Users\edewa\Desktop\CMGT\Narrative design\InteractiveStorytelling2526\Assets\Dialogue\MyStoryScript.yarn,Uprise,212,99075b1b,
nl,line:097eafa,"Regent: ""Go on...""",C:\Users\edewa\Desktop\CMGT\Narrative design\InteractiveStorytelling2526\Assets\Dialogue\MyStoryScript.yarn,Uprise,213,4a7b3a32,
nl,line:0beac1a,"Epheulia: ""My regent, if only you were aware of what was going on in your kingdom, you see there is a fightclub just down the road from here.",C:\Users\edewa\Desktop\CMGT\Narrative design\InteractiveStorytelling2526\Assets\Dialogue\MyStoryScript.yarn,Uprise,214,89cb9c7d,
nl,line:0114836,"Epheulia: ""I guess you need to start paying some attention your majesty""",C:\Users\edewa\Desktop\CMGT\Narrative design\InteractiveStorytelling2526\Assets\Dialogue\MyStoryScript.yarn,Uprise,215,4089d3ff,
nl,line:01a2741,"Epheulia: ""For now we'll be going, goodluck with that though!""",C:\Users\edewa\Desktop\CMGT\Narrative design\InteractiveStorytelling2526\Assets\Dialogue\MyStoryScript.yarn,Uprise,216,cbeaec36,
nl,line:0e40878,This will be the end for now,C:\Users\edewa\Desktop\CMGT\Narrative design\InteractiveStorytelling2526\Assets\Dialogue\MyStoryScript.yarn,Uprise,217,901da99a,
nl,line:04d3482,"""Now now Smith, that's enough""",C:\Users\edewa\Desktop\CMGT\Narrative design\InteractiveStorytelling2526\Assets\Dialogue\MyStoryScript.yarn,Uprise,218,5117b36e,
nl,line:01b8e79,"Regent: ""Now now smith, that is enough""",C:\Users\edewa\Desktop\CMGT\Narrative design\InteractiveStorytelling2526\Assets\Dialogue\MyStoryScript.yarn,Uprise,219,3c86b449,
nl,line:04d2393,"Regent: ""These heroes, just because they have misunderstood the situation, doesn't make them theves""",C:\Users\edewa\Desktop\CMGT\Narrative design\InteractiveStorytelling2526\Assets\Dialogue\MyStoryScript.yarn,Uprise,220,4915c8e8,
nl,line:0744dc1,Smith: But my regent-,C:\Users\edewa\Desktop\CMGT\Narrative design\InteractiveStorytelling2526\Assets\Dialogue\MyStoryScript.yarn,Uprise,221,5a42e7c9,
nl,line:06ae0e4,"Regent: I have heared enough smith, you can go.",C:\Users\edewa\Desktop\CMGT\Narrative design\InteractiveStorytelling2526\Assets\Dialogue\MyStoryScript.yarn,Uprise,222,4316854,
nl,line:055c11f,"Regent: Now my dear subjects, let me explain the situation.",C:\Users\edewa\Desktop\CMGT\Narrative design\InteractiveStorytelling2526\Assets\Dialogue\MyStoryScript.yarn,Uprise,224,5ee899d4,
nl,line:0434826,Regent: These lovely heroes weren't acustomed to our rules yet.,C:\Users\edewa\Desktop\CMGT\Narrative design\InteractiveStorytelling2526\Assets\Dialogue\MyStoryScript.yarn,Uprise,225,2dcd265f,
nl,line:0e87011,Regent: The situation was resolved though i believe they have misunderstood my intentions.,C:\Users\edewa\Desktop\CMGT\Narrative design\InteractiveStorytelling2526\Assets\Dialogue\MyStoryScript.yarn,Uprise,226,fc17f21f,
nl,line:09b4276,Regent: My apologies for that Epheulia,C:\Users\edewa\Desktop\CMGT\Narrative design\InteractiveStorytelling2526\Assets\Dialogue\MyStoryScript.yarn,Uprise,227,99ecbf53,
nl,line:0411627,party member: But that isn't-,C:\Users\edewa\Desktop\CMGT\Narrative design\InteractiveStorytelling2526\Assets\Dialogue\MyStoryScript.yarn,Uprise,228,50901a2c,
nl,line:0968c8b,"Epheulia: Thank you for clearing this up with us dear regent, now is there a chance we could talk?",C:\Users\edewa\Desktop\CMGT\Narrative design\InteractiveStorytelling2526\Assets\Dialogue\MyStoryScript.yarn,Uprise,229,1de21a66,
nl,line:01d4fe7,This will be the end for now,C:\Users\edewa\Desktop\CMGT\Narrative design\InteractiveStorytelling2526\Assets\Dialogue\MyStoryScript.yarn,Uprise,230,901da99a,
nl,line:0e5daaa,"Epheulia: ""Your regent, instead of rewarding us for our hard work disrespected and ignored us""",C:\Users\edewa\Desktop\CMGT\Narrative design\InteractiveStorytelling2526\Assets\Dialogue\MyStoryScript.yarn,Uprise,235,929e45cb,
nl,line:0842d17,"Regent: ""I am the regent of this kingdom, do you want me to interviene in every single quarrel on the street?""",C:\Users\edewa\Desktop\CMGT\Narrative design\InteractiveStorytelling2526\Assets\Dialogue\MyStoryScript.yarn,Uprise,236,74877c3f,
nl,line:03b3e79,"Epheulia: ""This is not just a simple quarrel on the street.""",C:\Users\edewa\Desktop\CMGT\Narrative design\InteractiveStorytelling2526\Assets\Dialogue\MyStoryScript.yarn,Uprise,237,be4332f2,
nl,line:020f366,"Epheulia: ""We are here to claim our reward, and since you weren't there we decided to take whats ours.""",C:\Users\edewa\Desktop\CMGT\Narrative design\InteractiveStorytelling2526\Assets\Dialogue\MyStoryScript.yarn,Uprise,238,4ec01790,
nl,line:0536d1a,"Smith: ""My regent, this group of heroes was robbing me""",C:\Users\edewa\Desktop\CMGT\Narrative design\InteractiveStorytelling2526\Assets\Dialogue\MyStoryScript.yarn,Uprise,239,52136417,
nl,line:01cdb67,"Smith: ""My regent I'm just an old man, I can't defend myself against them""",C:\Users\edewa\Desktop\CMGT\Narrative design\InteractiveStorytelling2526\Assets\Dialogue\MyStoryScript.yarn,Uprise,240,4900261,
nl,line:0a3e2d7,"Witch: ""My my, my sweet regent, is this how you rule your kingdom? I thought the strong are supposed to protect the weak, not pray on them""",C:\Users\edewa\Desktop\CMGT\Narrative design\InteractiveStorytelling2526\Assets\Dialogue\MyStoryScript.yarn,Uprise,241,75e26cab,
nl,line:02833ad,"Witch: ""I suggest you solve this matter quickly before further consequences arise""",C:\Users\edewa\Desktop\CMGT\Narrative design\InteractiveStorytelling2526\Assets\Dialogue\MyStoryScript.yarn,Uprise,242,d9a41c34,Line metadata: lastline
nl,line:0e39826,Hear them out,C:\Users\edewa\Desktop\CMGT\Narrative design\InteractiveStorytelling2526\Assets\Dialogue\MyStoryScript.yarn,Uprise,243,9d9c00f6,
nl,line:08e0167,"Regent: ""I suppose you have a point there. So if i understand you were robbing the smith?""",C:\Users\edewa\Desktop\CMGT\Narrative design\InteractiveStorytelling2526\Assets\Dialogue\MyStoryScript.yarn,Uprise,244,30dcdd17,
nl,line:0e757ff,"Epheulia: ""Not exactly, we just took what was ours, your kingdom owes us for defending you so we want our reward.""",C:\Users\edewa\Desktop\CMGT\Narrative design\InteractiveStorytelling2526\Assets\Dialogue\MyStoryScript.yarn,Uprise,245,5960d402,Line metadata: lastline
nl,line:097fad0,"""Do you really think you deserve a reward after this?""",C:\Users\edewa\Desktop\CMGT\Narrative design\InteractiveStorytelling2526\Assets\Dialogue\MyStoryScript.yarn,Uprise,246,d9fbc423,
nl,line:050e791,"Regent: ""I do not condone this kind of behaviour. People like you do not deserve rewards, be lucky I don't throw you in jail.""",C:\Users\edewa\Desktop\CMGT\Narrative design\InteractiveStorytelling2526\Assets\Dialogue\MyStoryScript.yarn,Uprise,247,781e9976,
nl,line:0258fcf,"Epheulia: ""Your mercy is appriciated regent, we shall take our leave now""",C:\Users\edewa\Desktop\CMGT\Narrative design\InteractiveStorytelling2526\Assets\Dialogue\MyStoryScript.yarn,Uprise,248,1c03a663,
nl,line:033f179,This will be the end for now,C:\Users\edewa\Desktop\CMGT\Narrative design\InteractiveStorytelling2526\Assets\Dialogue\MyStoryScript.yarn,Uprise,249,901da99a,
nl,line:0612eaf,"""You will get your reward, just leave my subjects alone""",C:\Users\edewa\Desktop\CMGT\Narrative design\InteractiveStorytelling2526\Assets\Dialogue\MyStoryScript.yarn,Uprise,250,5d45b186,
nl,line:0d8d7a7,"Regent: ""I will grand you a reward though this behaviour will not go unpunished. You will not only apologise to the smith but also give him what you owe him using your reward.""",C:\Users\edewa\Desktop\CMGT\Narrative design\InteractiveStorytelling2526\Assets\Dialogue\MyStoryScript.yarn,Uprise,251,0ceca1c9,
nl,line:0f8b87b,"Epheulia: ""Thank you regent for making the right decision.""",C:\Users\edewa\Desktop\CMGT\Narrative design\InteractiveStorytelling2526\Assets\Dialogue\MyStoryScript.yarn,Uprise,252,88f9e303,
nl,line:0cf2e29,"Epheulia: ""Now let me offer you something in return as a token of friendship""",C:\Users\edewa\Desktop\CMGT\Narrative design\InteractiveStorytelling2526\Assets\Dialogue\MyStoryScript.yarn,Uprise,253,06aa119e,
nl,line:052c62f,"Epheulia: ""You see my regent, a little birdy told me about something quite interesting.""",C:\Users\edewa\Desktop\CMGT\Narrative design\InteractiveStorytelling2526\Assets\Dialogue\MyStoryScript.yarn,Uprise,254,e847db61,
nl,line:063b486,"Epheulia: ""You see my regent did you know that there is quite the sensational fightclub in town, all adventurers speak of it.""",C:\Users\edewa\Desktop\CMGT\Narrative design\InteractiveStorytelling2526\Assets\Dialogue\MyStoryScript.yarn,Uprise,255,1f3069eb,
nl,line:0efcae7,"""Guards take these thieves away""",C:\Users\edewa\Desktop\CMGT\Narrative design\InteractiveStorytelling2526\Assets\Dialogue\MyStoryScript.yarn,Uprise,256,5935c894,
nl,line:0bcdae8,"Regent: ""You just confessed to stealing. Guards take these thieves away""",C:\Users\edewa\Desktop\CMGT\Narrative design\InteractiveStorytelling2526\Assets\Dialogue\MyStoryScript.yarn,Uprise,257,0ec84a89,
nl,line:0a08025,"Epheulia: ""Oh your majesty I fear you're making a grave mistake, but what's done is done""",C:\Users\edewa\Desktop\CMGT\Narrative design\InteractiveStorytelling2526\Assets\Dialogue\MyStoryScript.yarn,Uprise,258,e0934fc0,
nl,line:0ccd40b,"Party member: ""But Epheulia they can't just do this to us, we are- """,C:\Users\edewa\Desktop\CMGT\Narrative design\InteractiveStorytelling2526\Assets\Dialogue\MyStoryScript.yarn,Uprise,259,42292562,
nl,line:0f8d115,"Epheulia: ""Shut it, the regent has spoken so we'll listen""",C:\Users\edewa\Desktop\CMGT\Narrative design\InteractiveStorytelling2526\Assets\Dialogue\MyStoryScript.yarn,Uprise,260,d106bd56,
nl,line:07dec3a,"Witch: ""Oh my, sweet regent. This choice, though fair, will give you some quite powerful enemies.""",C:\Users\edewa\Desktop\CMGT\Narrative design\InteractiveStorytelling2526\Assets\Dialogue\MyStoryScript.yarn,Uprise,261,0ba9a64b,
nl,line:0ec8985,This will be the end for now,C:\Users\edewa\Desktop\CMGT\Narrative design\InteractiveStorytelling2526\Assets\Dialogue\MyStoryScript.yarn,Uprise,262,901da99a,
nl,line:05a6e25,"""I do not wish to hear it""",C:\Users\edewa\Desktop\CMGT\Narrative design\InteractiveStorytelling2526\Assets\Dialogue\MyStoryScript.yarn,Uprise,263,ae121d18,
nl,line:0875ebd,"Regent: ""I do not wish to hear it, settle this small feud between yourselves this is not my problem""",C:\Users\edewa\Desktop\CMGT\Narrative design\InteractiveStorytelling2526\Assets\Dialogue\MyStoryScript.yarn,Uprise,264,1649073d,
nl,line:05bdaa2,"Smith: ""My regent please hear me out""",C:\Users\edewa\Desktop\CMGT\Narrative design\InteractiveStorytelling2526\Assets\Dialogue\MyStoryScript.yarn,Uprise,265,92faf757,
nl,line:0ec85d1,"Witch: ""My sweet regent, i strongly suggest you hear them out""",C:\Users\edewa\Desktop\CMGT\Narrative design\InteractiveStorytelling2526\Assets\Dialogue\MyStoryScript.yarn,Uprise,266,9065903,Line metadata: lastline
nl,line:0eb9135,"""I suppose""",C:\Users\edewa\Desktop\CMGT\Narrative design\InteractiveStorytelling2526\Assets\Dialogue\MyStoryScript.yarn,Uprise,267,64f3c5ff,
nl,line:03bfdf7,"""I made my decision""",C:\Users\edewa\Desktop\CMGT\Narrative design\InteractiveStorytelling2526\Assets\Dialogue\MyStoryScript.yarn,Uprise,269,7aa0936e,
nl,line:051c4fb,"Regent: ""I made my decision, solve it yourselves.""",C:\Users\edewa\Desktop\CMGT\Narrative design\InteractiveStorytelling2526\Assets\Dialogue\MyStoryScript.yarn,Uprise,270,a7ced761,
nl,line:0a838b7,This will be the end for now,C:\Users\edewa\Desktop\CMGT\Narrative design\InteractiveStorytelling2526\Assets\Dialogue\MyStoryScript.yarn,Uprise,271,901da99a,
nl,line:09ec7c1,"Regent: ""I suppose you have a point there. So if i understand you were robbing the smith?""",C:\Users\edewa\Desktop\CMGT\Narrative design\InteractiveStorytelling2526\Assets\Dialogue\MyStoryScript.yarn,hearThemOut,277,30dcdd17,
nl,line:00c7d3d,"Epheulia: ""Not exactly, we just took what was ours, your kingdom owes us for defending you so we want our reward.""",C:\Users\edewa\Desktop\CMGT\Narrative design\InteractiveStorytelling2526\Assets\Dialogue\MyStoryScript.yarn,hearThemOut,278,5960d402,Line metadata: lastline
nl,line:0447ddf,"""Do you really think you deserve a reward after this?""",C:\Users\edewa\Desktop\CMGT\Narrative design\InteractiveStorytelling2526\Assets\Dialogue\MyStoryScript.yarn,hearThemOut,279,d9fbc423,
nl,line:0a1d0b2,"Regent: ""I do not condone this kind of behaviour. People like you do not deserve rewards, be lucky I don't throw you in jail.""",C:\Users\edewa\Desktop\CMGT\Narrative design\InteractiveStorytelling2526\Assets\Dialogue\MyStoryScript.yarn,hearThemOut,280,781e9976,
nl,line:06d655f,"Epheulia: ""Your mercy is appriciated regent, we shall take our leave now""",C:\Users\edewa\Desktop\CMGT\Narrative design\InteractiveStorytelling2526\Assets\Dialogue\MyStoryScript.yarn,hearThemOut,281,1c03a663,
nl,line:0f1f394,This will be the end for now,C:\Users\edewa\Desktop\CMGT\Narrative design\InteractiveStorytelling2526\Assets\Dialogue\MyStoryScript.yarn,hearThemOut,282,901da99a,
nl,line:0007052,"""You will get your reward, just leave my subjects alone""",C:\Users\edewa\Desktop\CMGT\Narrative design\InteractiveStorytelling2526\Assets\Dialogue\MyStoryScript.yarn,hearThemOut,283,5d45b186,
nl,line:0bf331b,"Regent: ""I will grand you a reward though this behaviour will not go unpunished. You will not only apologise to the smith but also give him what you owe him using your reward.""",C:\Users\edewa\Desktop\CMGT\Narrative design\InteractiveStorytelling2526\Assets\Dialogue\MyStoryScript.yarn,hearThemOut,284,0ceca1c9,
nl,line:034367a,"Epheulia: ""Thank you regent for making the right decision.""",C:\Users\edewa\Desktop\CMGT\Narrative design\InteractiveStorytelling2526\Assets\Dialogue\MyStoryScript.yarn,hearThemOut,285,88f9e303,
nl,line:0b528c3,"Epheulia: ""Now let me offer you something in return as a token of friendship""",C:\Users\edewa\Desktop\CMGT\Narrative design\InteractiveStorytelling2526\Assets\Dialogue\MyStoryScript.yarn,hearThemOut,286,06aa119e,
nl,line:023662f,"Epheulia: ""You see my regent, a little birdy told me about something quite interesting.""",C:\Users\edewa\Desktop\CMGT\Narrative design\InteractiveStorytelling2526\Assets\Dialogue\MyStoryScript.yarn,hearThemOut,287,e847db61,
nl,line:0455115,"Epheulia: ""You see my regent did you know that there is quite the sensational fightclub in town, all adventurers speak of it.""",C:\Users\edewa\Desktop\CMGT\Narrative design\InteractiveStorytelling2526\Assets\Dialogue\MyStoryScript.yarn,hearThemOut,288,1f3069eb,
nl,line:021cfa6,"""Guards take these thieves away""",C:\Users\edewa\Desktop\CMGT\Narrative design\InteractiveStorytelling2526\Assets\Dialogue\MyStoryScript.yarn,hearThemOut,289,5935c894,
nl,line:0e21976,"Regent: ""You just confessed to stealing. Guards take these thieves away""",C:\Users\edewa\Desktop\CMGT\Narrative design\InteractiveStorytelling2526\Assets\Dialogue\MyStoryScript.yarn,hearThemOut,290,0ec84a89,
nl,line:00f986a,"Epheulia: ""Oh your majesty I fear you're making a grave mistake, but what's done is done""",C:\Users\edewa\Desktop\CMGT\Narrative design\InteractiveStorytelling2526\Assets\Dialogue\MyStoryScript.yarn,hearThemOut,291,e0934fc0,
nl,line:0a289fa,"Party member: ""But Epheulia they can't just do this to us, we are- """,C:\Users\edewa\Desktop\CMGT\Narrative design\InteractiveStorytelling2526\Assets\Dialogue\MyStoryScript.yarn,hearThemOut,292,42292562,
nl,line:071e7fd,"Epheulia: ""Shut it, the regent has spoken so we'll listen""",C:\Users\edewa\Desktop\CMGT\Narrative design\InteractiveStorytelling2526\Assets\Dialogue\MyStoryScript.yarn,hearThemOut,293,d106bd56,
nl,line:043c65b,"Witch: ""Oh my, sweet regent. This choice, though fair, will give you some quite powerful enemies.""",C:\Users\edewa\Desktop\CMGT\Narrative design\InteractiveStorytelling2526\Assets\Dialogue\MyStoryScript.yarn,hearThemOut,294,0ba9a64b,
nl,line:0b99b61,This will be the end for now,C:\Users\edewa\Desktop\CMGT\Narrative design\InteractiveStorytelling2526\Assets\Dialogue\MyStoryScript.yarn,hearThemOut,295,901da99a,
nl,line:0f60fc2,"Bard: ""My regent my regent so sweet and kind, a regent like this is hard to find""",C:\Users\edewa\Desktop\CMGT\Narrative design\InteractiveStorytelling2526\Assets\Dialogue\MyStoryScript.yarn,BardPerformance,299,7a569165,
nl,line:0c7522e,"Bard: ""My regent my regent so true and fair, stopping bandits I didn't know were there.""",C:\Users\edewa\Desktop\CMGT\Narrative design\InteractiveStorytelling2526\Assets\Dialogue\MyStoryScript.yarn,BardPerformance,300,566658da,
nl,line:09abe53,"Bard: ""A regent like this makes us loyal and strong so let me sing this song""",C:\Users\edewa\Desktop\CMGT\Narrative design\InteractiveStorytelling2526\Assets\Dialogue\MyStoryScript.yarn,BardPerformance,301,e39cac99,
nl,line:0541f5b,"Bard: ""La la la la la la la la la la""",C:\Users\edewa\Desktop\CMGT\Narrative design\InteractiveStorytelling2526\Assets\Dialogue\MyStoryScript.yarn,BardPerformance,302,fd2ac187,
nl,line:05a9c04,"Witch: ""My my, my sweet regent, looks like someone has an admirer""",C:\Users\edewa\Desktop\CMGT\Narrative design\InteractiveStorytelling2526\Assets\Dialogue\MyStoryScript.yarn,BardPerformance,303,266ea90a,
nl,line:09eef2d,"Epheulia: ""My regent, because you did us a favour and didn't arrest us I have decided to give you some information... as a token of friendship""",C:\Users\edewa\Desktop\CMGT\Narrative design\InteractiveStorytelling2526\Assets\Dialogue\MyStoryScript.yarn,BardPerformance,305,e48e5fd0,
nl,line:0b75951,"Regent: ""Go on...""",C:\Users\edewa\Desktop\CMGT\Narrative design\InteractiveStorytelling2526\Assets\Dialogue\MyStoryScript.yarn,BardPerformance,306,4a7b3a32,
nl,line:0cdc587,"Epheulia: ""A little birdy told me about something quite interesting. You see my regent did you know that there is quite the sensational fightclub in town. All adventurers speak of it.""",C:\Users\edewa\Desktop\CMGT\Narrative design\InteractiveStorytelling2526\Assets\Dialogue\MyStoryScript.yarn,BardPerformance,307,fc68ee5c,
nl,line:05c3968,"Regent: ""Well my dear I do believe that we could be quite good friends if you continue to serve me like this. For now, take me to this fightclub and we shall see what I do with it.""",C:\Users\edewa\Desktop\CMGT\Narrative design\InteractiveStorytelling2526\Assets\Dialogue\MyStoryScript.yarn,BardPerformance,308,38a5d1cf,